mz,intensity
37.16,111
38.02,526
39.04,4619
39.94,186
40.03,913
41.06,3560
41.92,209
42.02,841
43.04,4290
50.0,519
50.89,433
51.05,1019
52.01,642
52.92,197
53.02,1651
53.96,215
54.08,151
55.05,739
55.98,108
57.91,339
58.06,443
61.96,134
62.92,369
63.03,272
64.89,272
65.0,1311
66.0,415
66.1,169
67.01,1116
67.91,161
68.03,200
77.03,5020
78.05,963
79.03,4140
79.97,158
80.06,1041
80.97,304
91.03,6794
92.03,3888
93.04,9861
94.05,951
95.09,101
103.02,231
103.14,127
104.96,345
105.03,1003
105.91,101
106.03,215
107.02,365
107.13,346
107.99,111
115.03,109
118.94,224
120.87,133
121.07,1185
136.02,315
136.16,315
