spectrum_id,mz,intensity,ri
CdeL_P01,41.0,1.3986013986013985,
CdeL_P01,42.0,0.6993006993006993,
CdeL_P01,43.0,0.6993006993006993,
CdeL_P01,53.0,2.097902097902098,
CdeL_P01,55.0,1.3986013986013985,
CdeL_P01,65.0,0.6993006993006993,
CdeL_P01,67.0,3.4965034965034967,
CdeL_P01,68.0,4.195804195804196,
CdeL_P01,69.0,3.4965034965034967,
CdeL_P01,77.0,14.685314685314685,
CdeL_P01,78.0,2.797202797202797,
CdeL_P01,79.0,9.090909090909092,
CdeL_P01,80.0,0.6993006993006993,
CdeL_P01,81.0,0.6993006993006993,
CdeL_P01,91.0,7.6923076923076925,
CdeL_P01,92.0,11.888111888111888,
CdeL_P01,93.0,100.0,
CdeL_P01,94.0,7.6923076923076925,
CdeL_P01,105.0,4.195804195804196,
CdeL_P01,107.0,2.097902097902098,
CdeL_P01,121.0,16.083916083916083,
CdeL_P01,136.0,9.090909090909092,
CdeL_P02,41.0,19.646365422396856,
CdeL_P02,53.0,15.127701375245579,
CdeL_P02,55.0,4.715127701375245,
CdeL_P02,69.0,38.50687622789784,
CdeL_P02,79.0,0.9823182711198427,
CdeL_P02,91.0,100.0,
CdeL_P02,92.0,3.3398821218074652,
CdeL_P02,93.0,27.701375245579566,
CdeL_P02,94.0,2.3575638506876224,
CdeL_P02,105.0,3.9292730844793713,
CdeL_P02,106.0,2.3575638506876224,
CdeL_P02,107.0,8.447937131630648,
CdeL_P02,121.0,13.7524557956778,
CdeL_P02,136.0,2.161100196463654,
CdeL_P02,137.0,0.5893909626719057,
CdeL_P03,41.0,17.592592592592595,
CdeL_P03,42.0,0.617283950617284,
CdeL_P03,43.0,3.7037037037037037,
CdeL_P03,53.0,2.7777777777777777,
CdeL_P03,55.0,2.7777777777777777,
CdeL_P03,67.0,1.234567901234568,
CdeL_P03,68.0,53.395061728395056,
CdeL_P03,69.0,100.0,
CdeL_P03,70.0,4.320987654320987,
CdeL_P03,77.0,3.7037037037037037,
CdeL_P03,79.0,16.666666666666664,
CdeL_P03,81.0,2.469135802469136,
CdeL_P03,83.0,3.0864197530864197,
CdeL_P03,91.0,12.037037037037038,
CdeL_P03,93.0,17.901234567901234,
CdeL_P03,94.0,1.8518518518518519,
CdeL_P03,107.0,8.024691358024691,
CdeL_P03,108.0,1.8518518518518519,
CdeL_P03,121.0,4.62962962962963,
CdeL_P03,136.0,6.172839506172839,
CdeL_P04,41.0,51.65094339622641,
CdeL_P04,43.0,8.018867924528301,
CdeL_P04,53.0,8.018867924528301,
CdeL_P04,55.0,7.0754716981132075,
CdeL_P04,67.0,9.90566037735849,
CdeL_P04,68.0,50.0,
CdeL_P04,69.0,49.528301886792455,
CdeL_P04,79.0,24.528301886792452,
CdeL_P04,91.0,25.471698113207548,
CdeL_P04,92.0,13.20754716981132,
CdeL_P04,93.0,100.0,
CdeL_P04,94.0,8.018867924528301,
CdeL_P04,105.0,2.830188679245283,
CdeL_P04,121.0,10.849056603773585,
CdeL_P04,136.0,6.60377358490566,
CdeL_P05,41.0,1.9267822736030829,
CdeL_P05,43.0,100.0,
CdeL_P05,44.0,1.1560693641618498,
CdeL_P05,45.0,1.1560693641618498,
CdeL_P05,53.0,0.770712909441233,
CdeL_P05,55.0,1.1560693641618498,
CdeL_P05,57.0,0.770712909441233,
CdeL_P05,69.0,0.9633911368015414,
CdeL_P05,71.0,0.770712909441233,
CdeL_P05,77.0,0.770712909441233,
CdeL_P05,79.0,3.2755298651252407,
CdeL_P05,80.0,2.504816955684008,
CdeL_P05,91.0,3.8535645472061657,
CdeL_P05,93.0,10.404624277456647,
CdeL_P05,94.0,0.770712909441233,
CdeL_P05,121.0,0.3853564547206165,
CdeL_P05,136.0,0.770712909441233,
Jde_P01,41.0,6.097560975609756,
Jde_P01,43.0,11.280487804878048,
Jde_P01,55.0,2.4390243902439024,
Jde_P01,69.0,3.353658536585366,
Jde_P01,71.0,1.9817073170731707,
Jde_P01,77.0,25.914634146341463,
Jde_P01,79.0,17.378048780487806,
Jde_P01,80.0,1.829268292682927,
Jde_P01,91.0,19.664634146341463,
Jde_P01,92.0,8.231707317073171,
Jde_P01,93.0,100.0,
Jde_P01,94.0,7.926829268292683,
Jde_P01,105.0,9.75609756097561,
Jde_P01,107.0,3.9634146341463414,
Jde_P01,121.0,19.96951219512195,
Jde_P01,136.0,8.99390243902439,
Jde_P02,41.0,12.282398452611217,
Jde_P02,51.0,2.514506769825919,
Jde_P02,53.0,2.901353965183753,
Jde_P02,55.0,3.0947775628626693,
Jde_P02,65.0,4.448742746615087,
Jde_P02,67.0,2.321083172147002,
Jde_P02,77.0,8.704061895551258,
Jde_P02,78.0,2.7079303675048356,
Jde_P02,79.0,3.6750483558994194,
Jde_P02,91.0,68.27852998065765,
Jde_P02,92.0,1.3539651837524178,
Jde_P02,93.0,2.514506769825919,
Jde_P02,103.0,2.321083172147002,
Jde_P02,105.0,2.127659574468085,
Jde_P02,115.0,2.127659574468085,
Jde_P02,117.0,10.831721470019343,
Jde_P02,119.0,3.481624758220503,
Jde_P02,134.0,100.0,
Jde_P02,135.0,10.831721470019343,
Jde_P03,41.0,4.684210526315789,
Jde_P03,43.0,0.5263157894736842,
Jde_P03,53.0,3.1052631578947367,
Jde_P03,55.0,6.052631578947368,
Jde_P03,67.0,3.8421052631578947,
Jde_P03,68.0,3.3157894736842106,
Jde_P03,69.0,15.157894736842104,
Jde_P03,77.0,2.5789473684210527,
Jde_P03,79.0,6.578947368421052,
Jde_P03,80.0,2.0526315789473686,
Jde_P03,91.0,9.368421052631579,
Jde_P03,92.0,1.368421052631579,
Jde_P03,93.0,2.0526315789473686,
Jde_P03,105.0,100.0,
Jde_P03,107.0,1.0526315789473684,
Jde_P03,120.0,0.42105263157894735,
Jde_P03,133.0,1.5789473684210527,
Jde_P03,134.0,10.631578947368421,
Jde_P03,135.0,0.9473684210526315,
Jde_P04,41.0,0.8936550491510277,
Jde_P04,43.0,2.770330652368186,
Jde_P04,51.0,1.519213583556747,
Jde_P04,53.0,0.7149240393208221,
Jde_P04,55.0,0.44682752457551384,
Jde_P04,65.0,1.7873100983020554,
Jde_P04,77.0,6.434316353887399,
Jde_P04,78.0,0.44682752457551384,
Jde_P04,79.0,0.44682752457551384,
Jde_P04,91.0,31.367292225201072,
Jde_P04,92.0,0.8936550491510277,
Jde_P04,103.0,0.8042895442359249,
Jde_P04,105.0,100.0,
Jde_P04,106.0,8.40035746201966,
Jde_P04,119.0,0.6255585344057194,
Jde_P04,120.0,0.5361930294906166,
Jde_P04,133.0,12.689901697944594,
Jde_P04,134.0,2.9490616621983916,
Jde_P04,148.0,21.358355674709563,
Jde_P04,149.0,2.323503127792672,
Fde_P01,41.0,3.9755351681957185,
Fde_P01,43.0,1.529051987767584,
Fde_P01,55.0,1.2232415902140674,
Fde_P01,67.0,2.1406727828746177,
Fde_P01,69.0,2.1406727828746177,
Fde_P01,77.0,16.51376146788991,
Fde_P01,79.0,8.256880733944955,
Fde_P01,91.0,6.422018348623854,
Fde_P01,92.0,4.281345565749235,
Fde_P01,93.0,100.0,
Fde_P01,94.0,6.72782874617737,
Fde_P01,105.0,2.1406727828746177,
Fde_P01,121.0,13.761467889908258,
Fde_P01,136.0,10.397553516819572,
Fde_P02,41.0,24.21972534332085,
Fde_P02,42.0,1.2484394506866416,
Fde_P02,43.0,2.9962546816479403,
Fde_P02,53.0,4.744069912609238,
Fde_P02,55.0,8.239700374531836,
Fde_P02,57.0,2.247191011235955,
Fde_P02,67.0,7.2409488139825215,
Fde_P02,68.0,26.96629213483146,
Fde_P02,69.0,100.0,
Fde_P02,70.0,6.991260923845193,
Fde_P02,77.0,4.2446941323345815,
Fde_P02,79.0,16.47940074906367,
Fde_P02,81.0,8.98876404494382,
Fde_P02,83.0,3.745318352059925,
Fde_P02,91.0,13.48314606741573,
Fde_P02,93.0,23.97003745318352,
Fde_P02,94.0,2.7465667915106116,
Fde_P02,107.0,6.991260923845193,
Fde_P02,121.0,4.2446941323345815,
Fde_P02,136.0,6.741573033707865,
Fde_P03,41.0,4.409171075837742,
Fde_P03,43.0,9.876543209876543,
Fde_P03,55.0,4.850088183421517,
Fde_P03,57.0,2.292768959435626,
Fde_P03,67.0,1.8518518518518516,
Fde_P03,69.0,3.527336860670194,
Fde_P03,70.0,1.8518518518518516,
Fde_P03,71.0,3.0864197530864197,
Fde_P03,77.0,3.2627865961199296,
Fde_P03,79.0,3.1746031746031744,
Fde_P03,81.0,100.0,
Fde_P03,82.0,9.523809523809524,
Fde_P03,91.0,9.43562610229277,
Fde_P03,93.0,8.818342151675484,
Fde_P03,95.0,4.761904761904762,
Fde_P03,96.0,3.527336860670194,
Fde_P03,109.0,5.4673721340388005,
Fde_P03,137.0,64.81481481481481,
Fde_P03,138.0,5.379188712522046,
Fde_P03,152.0,4.938271604938271,
